{
  "bids": [
    [
      51882.47677727274,
      9.891592742710355
    ],
    [
      51876.06464016125,
      6.420812758607674
    ],
    [
      51873.98070075938,
      2.056762717353938
    ],
    [
      51870.31894737122,
      9.058164242705805
    ],
    [
      51860.41210459928,
      7.4994833048159695
    ],
    [
      51862.24283357878,
      10.080834083931393
    ],
    [
      51846.254058614104,
      2.612241888647074
    ],
    [
      51851.17817076196,
      2.3269870311655847
    ],
    [
      51844.36311200112,
      5.692241467799963
    ],
    [
      51836.930199707305,
      3.389987683849138
    ],
    [
      51827.77532779552,
      1.8940891987161879
    ],
    [
      51830.317076044594,
      4.130691474562846
    ],
    [
      51821.13679516758,
      8.259615260063486
    ],
    [
      51823.48932205707,
      5.588509272074509
    ],
    [
      51806.69692728427,
      0.9768104140489972
    ],
    [
      51800.8139351642,
      2.2000043662803326
    ],
    [
      51814.54301162207,
      9.873563626349444
    ],
    [
      51776.61228173411,
      8.488545785161051
    ],
    [
      51796.52400076962,
      1.4817850355707418
    ],
    [
      51775.98281707818,
      4.858164495664359
    ]
  ],
  "asks": [
    [
      51891.80940858155,
      5.40062859064598
    ],
    [
      51895.8498575885,
      9.483506508790644
    ],
    [
      51901.46939411771,
      7.050420864220621
    ],
    [
      51906.59691654054,
      5.646020271797008
    ],
    [
      51913.833563878856,
      2.3412814756803932
    ],
    [
      51924.38529603117,
      8.160603909421432
    ],
    [
      51930.111558563935,
      9.340625208708342
    ],
    [
      51930.54057865515,
      9.607269813806003
    ],
    [
      51926.41705063873,
      2.4509920654912474
    ],
    [
      51929.85374104416,
      3.726177918976899
    ],
    [
      51941.93972342642,
      3.1939975082951184
    ],
    [
      51957.857533862116,
      4.035964885799349
    ],
    [
      51948.94804822289,
      5.8691014414452924
    ],
    [
      51949.61384773747,
      8.427418800240565
    ],
    [
      51951.9909561003,
      10.24820448697508
    ],
    [
      51979.46566224852,
      2.477933855077315
    ],
    [
      51958.16683651317,
      8.55818777684978
    ],
    [
      51988.53042488402,
      7.705869202202436
    ],
    [
      51996.68858694478,
      1.2488511712353563
    ],
    [
      51985.30485966488,
      1.6611815695672176
    ]
  ],
  "timestamp": 1748035242840,
  "synthetic": true
}