{
  "bids": [
    [
      2801.148536139351,
      0.5340496879182765
    ],
    [
      2800.802343174036,
      0.34666136577884843
    ],
    [
      2800.6898307388647,
      0.11104515884302828
    ],
    [
      2800.492131712525,
      0.48905266449577056
    ],
    [
      2799.9572586715267,
      0.4048990716320043
    ],
    [
      2800.0561002095474,
      0.5442668775912755
    ],
    [
      2799.192862053451,
      0.14103562506929118
    ],
    [
      2799.4587161604927,
      0.1256346404576441
    ],
    [
      2799.090769349596,
      0.30732561059737695
    ],
    [
      2798.689464464317,
      0.1830263246473254
    ],
    [
      2798.19519052739,
      0.10226237288319567
    ],
    [
      2798.33242018236,
      0.22301711668251697
    ],
    [
      2797.8367744087323,
      0.44593879536869063
    ],
    [
      2797.9637879528427,
      0.3017250821288872
    ],
    [
      2797.05716215242,
      0.052738250587867415
    ],
    [
      2796.7395378640504,
      0.11877881305785792
    ],
    [
      2797.4807743047772,
      0.5330762911947728
    ],
    [
      2795.432884244392,
      0.45829881449436904
    ],
    [
      2796.5079231803275,
      0.08000196291863239
    ],
    [
      2795.3988992824347,
      0.26229357599434416
    ]
  ],
  "asks": [
    [
      2801.6524073527708,
      0.2915813548351484
    ],
    [
      2801.870552254946,
      0.5120170050594743
    ],
    [
      2802.1739525068297,
      0.38065407262185974
    ],
    [
      2802.450788787996,
      0.30483011609586924
    ],
    [
      2802.8414972768237,
      0.1264064012681288
    ],
    [
      2803.411188064699,
      0.44059314656509196
    ],
    [
      2803.7203504815216,
      0.5043028061732996
    ],
    [
      2803.7435133888293,
      0.5186990183750647
    ],
    [
      2803.520883029132,
      0.132329704802132
    ],
    [
      2803.706430845973,
      0.2011773236644925
    ],
    [
      2804.3589562063794,
      0.17244476363766817
    ],
    [
      2805.218362968935,
      0.21790280329714337
    ],
    [
      2804.737337501257,
      0.3168743269858605
    ],
    [
      2804.7732841917673,
      0.45499855253764543
    ],
    [
      2804.9016248960743,
      0.553303249572735
    ],
    [
      2806.3849914908947,
      0.13378429909191442
    ],
    [
      2805.2350623002317,
      0.46205880390100756
    ],
    [
      2806.8744004043488,
      0.4160419003914276
    ],
    [
      2807.314861714864,
      0.06742580245695279
    ],
    [
      2806.700251291719,
      0.08968762886611524
    ]
  ],
  "timestamp": 1748035245637,
  "synthetic": true
}