{
  "bids": [
    [
      100.02857580632215,
      0.01907083076926074
    ],
    [
      100.01621330971484,
      0.012379223114574477
    ],
    [
      100.01219550826465,
      0.003965405242152556
    ],
    [
      100.00513570697674,
      0.01746399410551123
    ],
    [
      99.98603547439787,
      0.014458882475569137
    ],
    [
      99.9895650902505,
      0.01943568501334939
    ],
    [
      99.95873899080522,
      0.005036360097161874
    ],
    [
      99.96823259935776,
      0.004486393347151048
    ],
    [
      99.9550932763295,
      0.010974549453644058
    ],
    [
      99.94076274168606,
      0.0065358414069573425
    ],
    [
      99.92311229675924,
      0.0036517733301566855
    ],
    [
      99.92801274625982,
      0.00796390633141161
    ],
    [
      99.91031331325914,
      0.015924404586911193
    ],
    [
      99.91484894703991,
      0.010774555458595904
    ],
    [
      99.88247348160652,
      0.0018832746742134471
    ],
    [
      99.87113116798152,
      0.004241572823738271
    ],
    [
      99.89760060526594,
      0.019036070924614724
    ],
    [
      99.82447077173323,
      0.016365778935372027
    ],
    [
      99.86286024387675,
      0.002856857574389939
    ],
    [
      99.82325717406087,
      0.009366462546117673
    ]
  ],
  "asks": [
    [
      100.04656896849043,
      0.01041232454457274
    ],
    [
      100.05435888880436,
      0.01828404711279822
    ],
    [
      100.06519326431271,
      0.013593097355600832
    ],
    [
      100.07507904458438,
      0.010885435735575268
    ],
    [
      100.08903118356903,
      0.004513952804902016
    ],
    [
      100.10937475243945,
      0.015733512304804045
    ],
    [
      100.1204148939559,
      0.018008574277953743
    ],
    [
      100.12124203775053,
      0.01852266076246872
    ],
    [
      100.11329194245053,
      0.004725473047020808
    ],
    [
      100.11991782594906,
      0.007184010740973286
    ],
    [
      100.14321940443978,
      0.006157975519465875
    ],
    [
      100.17390868542135,
      0.007781275000882024
    ],
    [
      100.15673134125784,
      0.011315532621368148
    ],
    [
      100.1580149919498,
      0.016247927097434924
    ],
    [
      100.16259801841348,
      0.019758372442487775
    ],
    [
      100.21556880734674,
      0.0047774163814444355
    ],
    [
      100.17450501592829,
      0.016500047568591764
    ],
    [
      100.2330455230468,
      0.014856791146558442
    ],
    [
      100.2487743275069,
      0.0024077648526496707
    ],
    [
      100.22682668549156,
      0.00320273118943136
    ]
  ],
  "timestamp": 1748035248472,
  "synthetic": true
}