{
  "bids": [
    [
      49950.0,
      19.225070106032245
    ],
    [
      49900.0,
      11.14889981971032
    ],
    [
      49850.0,
      18.890357349357426
    ],
    [
      49800.0,
      17.44198836208405
    ],
    [
      49750.0,
      18.65800834597026
    ],
    [
      49700.0,
      13.056773788339036
    ],
    [
      49650.0,
      12.967973589723742
    ],
    [
      49600.0,
      11.449770253045674
    ],
    [
      49550.0,
      14.591890409425098
    ],
    [
      49500.0,
      12.525821935966244
    ],
    [
      49450.0,
      17.89441180514035
    ],
    [
      49400.0,
      16.85791667104156
    ],
    [
      49350.0,
      14.294258018637967
    ],
    [
      49300.0,
      15.999944224805668
    ],
    [
      49250.0,
      14.418011884649548
    ],
    [
      49200.0,
      17.16264759246714
    ],
    [
      49150.0,
      12.712926444193467
    ],
    [
      49100.0,
      12.650645188813021
    ],
    [
      49050.0,
      19.85998802548806
    ],
    [
      49000.0,
      13.38366471579247
    ]
  ],
  "asks": [
    [
      50049.99999999999,
      9.708899976015594
    ],
    [
      50100.0,
      9.363743059614842
    ],
    [
      50149.99999999999,
      7.578637604203523
    ],
    [
      50200.0,
      9.069343112779263
    ],
    [
      50249.99999999999,
      8.793484390583506
    ],
    [
      50300.0,
      9.761470734662572
    ],
    [
      50349.99999999999,
      7.088977784229808
    ],
    [
      50400.0,
      5.166480096587055
    ],
    [
      50449.99999999999,
      6.084231703535739
    ],
    [
      50500.0,
      5.211206273506869
    ],
    [
      50549.99999999999,
      5.155494614195818
    ],
    [
      50600.0,
      7.63302446518966
    ],
    [
      50649.99999999999,
      8.95063085481555
    ],
    [
      50700.0,
      5.998624440780347
    ],
    [
      50749.99999999999,
      9.958457976878867
    ],
    [
      50800.0,
      6.4099331867242775
    ],
    [
      50849.99999999999,
      8.300902027628617
    ],
    [
      50900.0,
      9.665374952140006
    ],
    [
      50949.99999999999,
      7.469191351225298
    ],
    [
      51000.0,
      7.909206388916791
    ]
  ],
  "timestamp": "2025-05-23T16:52:40.897568"
}