{
  "bids": [
    [
      2997.0,
      16.17403955845165
    ],
    [
      2994.0,
      14.761305057931597
    ],
    [
      2991.0,
      14.68607398099143
    ],
    [
      2988.0,
      12.971008720991154
    ],
    [
      2985.0,
      11.716827952445223
    ],
    [
      2982.0,
      14.981588324930112
    ],
    [
      2979.0,
      18.353147759050287
    ],
    [
      2976.0,
      14.894211785153624
    ],
    [
      2973.0,
      18.679538873480517
    ],
    [
      2970.0,
      19.064324274167515
    ],
    [
      2967.0,
      17.638712990724706
    ],
    [
      2964.0,
      15.213495455767623
    ],
    [
      2961.0,
      14.056287470584522
    ],
    [
      2958.0,
      17.570657426493234
    ],
    [
      2955.0,
      11.103854328745928
    ],
    [
      2952.0,
      17.83833356383245
    ],
    [
      2949.0,
      12.651266746052293
    ],
    [
      2946.0,
      18.044211814466717
    ],
    [
      2943.0,
      10.82316181895802
    ],
    [
      2940.0,
      12.777379262115605
    ]
  ],
  "asks": [
    [
      3002.9999999999995,
      5.54157849402508
    ],
    [
      3006.0,
      5.555039132190828
    ],
    [
      3008.9999999999995,
      5.93208469903538
    ],
    [
      3012.0,
      9.962761195741356
    ],
    [
      3014.9999999999995,
      7.974298709651009
    ],
    [
      3018.0,
      7.358761509638308
    ],
    [
      3020.9999999999995,
      8.651661191035512
    ],
    [
      3024.0,
      9.450917046739582
    ],
    [
      3026.9999999999995,
      9.558913006877924
    ],
    [
      3030.0,
      5.464513549189833
    ],
    [
      3032.9999999999995,
      9.492503718208102
    ],
    [
      3036.0,
      9.928831480605677
    ],
    [
      3038.9999999999995,
      5.2021925048377256
    ],
    [
      3042.0,
      6.543567487079088
    ],
    [
      3044.9999999999995,
      7.108256668692647
    ],
    [
      3048.0,
      6.402834448232003
    ],
    [
      3050.9999999999995,
      8.546213803489904
    ],
    [
      3054.0,
      6.297495399759581
    ],
    [
      3056.9999999999995,
      7.177031644596603
    ],
    [
      3060.0,
      6.17686044167468
    ]
  ],
  "timestamp": "2025-05-23T16:52:41.040406"
}