{
  "bids": [
    [
      99.9,
      10.974426468073567
    ],
    [
      99.8,
      19.12642558779533
    ],
    [
      99.7,
      18.977422781639
    ],
    [
      99.6,
      19.952999871263113
    ],
    [
      99.5,
      15.318889467321972
    ],
    [
      99.4,
      10.549504695551558
    ],
    [
      99.3,
      10.86593751706639
    ],
    [
      99.2,
      18.92494358522953
    ],
    [
      99.1,
      15.062003625041482
    ],
    [
      99.0,
      19.167750215164293
    ],
    [
      98.9,
      12.415067259658084
    ],
    [
      98.8,
      19.53532149823047
    ],
    [
      98.7,
      12.336035011382286
    ],
    [
      98.6,
      19.449111499497125
    ],
    [
      98.5,
      10.395667835390018
    ],
    [
      98.4,
      15.209026294509105
    ],
    [
      98.3,
      18.20147003104712
    ],
    [
      98.2,
      18.22727802679453
    ],
    [
      98.1,
      19.43990803556837
    ],
    [
      98.0,
      14.062594476031622
    ]
  ],
  "asks": [
    [
      100.1,
      6.559052249416945
    ],
    [
      100.2,
      7.755401687290303
    ],
    [
      100.29999999999998,
      9.182216933975253
    ],
    [
      100.4,
      8.698194055503485
    ],
    [
      100.49999999999999,
      7.626408413733281
    ],
    [
      100.6,
      6.054273830315634
    ],
    [
      100.69999999999999,
      6.23872765442637
    ],
    [
      100.8,
      5.329291625856527
    ],
    [
      100.89999999999999,
      9.972856015948654
    ],
    [
      101.0,
      7.334943116286405
    ],
    [
      101.1,
      6.520717802935979
    ],
    [
      101.2,
      9.557598646128893
    ],
    [
      101.29999999999998,
      9.186056369919656
    ],
    [
      101.4,
      8.182315125211481
    ],
    [
      101.49999999999999,
      6.900138709466804
    ],
    [
      101.6,
      6.331064264332937
    ],
    [
      101.69999999999999,
      6.796630153886596
    ],
    [
      101.8,
      9.727889224050612
    ],
    [
      101.89999999999999,
      5.303661955345101
    ],
    [
      102.0,
      7.955489927836982
    ]
  ],
  "timestamp": "2025-05-23T16:52:41.186942"
}